File_Name,Keyword,Count
Timesheets WE 16.01.2022.pdf,toremember signed,1
Timesheets WE 16.01.2022.pdf,toremember signed shift,1
Timesheets WE 16.01.2022.pdf,toremember signed shift break,1
Timesheets WE 16.01.2022.pdf,signed shift,4
Timesheets WE 16.01.2022.pdf,signed shift break,4
Timesheets WE 16.01.2022.pdf,signed shift break sign,1
Timesheets WE 16.01.2022.pdf,shift break,4
Timesheets WE 16.01.2022.pdf,shift break sign,1
Timesheets WE 16.01.2022.pdf,shift break sign timesheet,1
Timesheets WE 16.01.2022.pdf,break sign,1
Timesheets WE 16.01.2022.pdf,break sign timesheet,1
Timesheets WE 16.01.2022.pdf,break sign timesheet conclusion,1
Timesheets WE 16.01.2022.pdf,sign timesheet,4
Timesheets WE 16.01.2022.pdf,sign timesheet conclusion,3
Timesheets WE 16.01.2022.pdf,sign timesheet conclusion week,2
Timesheets WE 16.01.2022.pdf,timesheet conclusion,3
Timesheets WE 16.01.2022.pdf,timesheet conclusion week,2
Timesheets WE 16.01.2022.pdf,timesheet conclusion week receive,1
Timesheets WE 16.01.2022.pdf,conclusion week,4
Timesheets WE 16.01.2022.pdf,conclusion week receive,3
Timesheets WE 16.01.2022.pdf,conclusion week receive SPLEEN,1
Timesheets WE 16.01.2022.pdf,week receive,6
Timesheets WE 16.01.2022.pdf,week receive SPLEEN,2
Timesheets WE 16.01.2022.pdf,week receive SPLEEN CENTRAL,2
Timesheets WE 16.01.2022.pdf,receive SPLEEN,2
Timesheets WE 16.01.2022.pdf,receive SPLEEN CENTRAL,2
Timesheets WE 16.01.2022.pdf,receive SPLEEN CENTRAL Staff,1
Timesheets WE 16.01.2022.pdf,SPLEEN CENTRAL,4
Timesheets WE 16.01.2022.pdf,SPLEEN CENTRAL Staff,1
Timesheets WE 16.01.2022.pdf,SPLEEN CENTRAL Staff Timsheets,1
Timesheets WE 16.01.2022.pdf,CENTRAL Staff,1
Timesheets WE 16.01.2022.pdf,CENTRAL Staff Timsheets,1
Timesheets WE 16.01.2022.pdf,CENTRAL Staff Timsheets complete,1
Timesheets WE 16.01.2022.pdf,Staff Timsheets,1
Timesheets WE 16.01.2022.pdf,Staff Timsheets complete,1
Timesheets WE 16.01.2022.pdf,Staff Timsheets complete conclusion,1
Timesheets WE 16.01.2022.pdf,Timsheets complete,4
Timesheets WE 16.01.2022.pdf,Timsheets complete conclusion,3
Timesheets WE 16.01.2022.pdf,Timsheets complete conclusion Week,1
Timesheets WE 16.01.2022.pdf,complete conclusion,3
Timesheets WE 16.01.2022.pdf,complete conclusion Week,1
Timesheets WE 16.01.2022.pdf,complete conclusion Week commencing,1
Timesheets WE 16.01.2022.pdf,conclusion Week,1
Timesheets WE 16.01.2022.pdf,conclusion Week commencing,1
Timesheets WE 16.01.2022.pdf,conclusion Week commencing Monday,1
Timesheets WE 16.01.2022.pdf,Week commencing,8
Timesheets WE 16.01.2022.pdf,Week commencing Monday,8
Timesheets WE 16.01.2022.pdf,Week commencing Monday double,3
Timesheets WE 16.01.2022.pdf,commencing Monday,8
Timesheets WE 16.01.2022.pdf,commencing Monday double,3
Timesheets WE 16.01.2022.pdf,commencing Monday double shifts,2
Timesheets WE 16.01.2022.pdf,Monday double,3
Timesheets WE 16.01.2022.pdf,Monday double shifts,2
Timesheets WE 16.01.2022.pdf,Monday double shifts signed,1
Timesheets WE 16.01.2022.pdf,double shifts,3
Timesheets WE 16.01.2022.pdf,double shifts signed,1
Timesheets WE 16.01.2022.pdf,double shifts signed signed,1
Timesheets WE 16.01.2022.pdf,shifts signed,1
Timesheets WE 16.01.2022.pdf,shifts signed signed,1
Timesheets WE 16.01.2022.pdf,shifts signed signed inby,1
Timesheets WE 16.01.2022.pdf,signed signed,6
Timesheets WE 16.01.2022.pdf,signed signed inby,1
Timesheets WE 16.01.2022.pdf,signed signed inby TOTAL,1
Timesheets WE 16.01.2022.pdf,signed inby,1
Timesheets WE 16.01.2022.pdf,signed inby TOTAL,1
Timesheets WE 16.01.2022.pdf,signed inby TOTAL START,1
Timesheets WE 16.01.2022.pdf,inby TOTAL,2
Timesheets WE 16.01.2022.pdf,inby TOTAL START,2
Timesheets WE 16.01.2022.pdf,inby TOTAL START week,1
Timesheets WE 16.01.2022.pdf,TOTAL START,3
Timesheets WE 16.01.2022.pdf,TOTAL START week,1
Timesheets WE 16.01.2022.pdf,TOTAL START week receive,1
Timesheets WE 16.01.2022.pdf,START week,1
Timesheets WE 16.01.2022.pdf,START week receive,1
Timesheets WE 16.01.2022.pdf,START week receive BREAK,1
Timesheets WE 16.01.2022.pdf,week receive BREAK,1
Timesheets WE 16.01.2022.pdf,week receive BREAK BREAK,1
Timesheets WE 16.01.2022.pdf,receive BREAK,1
Timesheets WE 16.01.2022.pdf,receive BREAK BREAK,1
Timesheets WE 16.01.2022.pdf,receive BREAK BREAK sign,1
Timesheets WE 16.01.2022.pdf,BREAK BREAK,3
Timesheets WE 16.01.2022.pdf,BREAK BREAK sign,1
Timesheets WE 16.01.2022.pdf,BREAK BREAK sign signed,1
Timesheets WE 16.01.2022.pdf,BREAK sign,2
Timesheets WE 16.01.2022.pdf,BREAK sign signed,1
Timesheets WE 16.01.2022.pdf,BREAK sign signed signin,1
Timesheets WE 16.01.2022.pdf,sign signed,5
Timesheets WE 16.01.2022.pdf,sign signed signin,4
Timesheets WE 16.01.2022.pdf,sign signed signin signed,4
Timesheets WE 16.01.2022.pdf,signed signin,4
Timesheets WE 16.01.2022.pdf,signed signin signed,4
Timesheets WE 16.01.2022.pdf,signed signin signed signed,4
Timesheets WE 16.01.2022.pdf,signin signed,4
Timesheets WE 16.01.2022.pdf,signin signed signed,4
Timesheets WE 16.01.2022.pdf,signin signed signed time,1
Timesheets WE 16.01.2022.pdf,signed signed time,1
Timesheets WE 16.01.2022.pdf,signed signed time TOTAL,1
Timesheets WE 16.01.2022.pdf,signed time,1
Timesheets WE 16.01.2022.pdf,signed time TOTAL,1
Timesheets WE 16.01.2022.pdf,signed time TOTAL Manager,1
Timesheets WE 16.01.2022.pdf,time TOTAL,1
Timesheets WE 16.01.2022.pdf,time TOTAL Manager,1
Timesheets WE 16.01.2022.pdf,time TOTAL Manager sign,1
Timesheets WE 16.01.2022.pdf,TOTAL Manager,2
Timesheets WE 16.01.2022.pdf,TOTAL Manager sign,2
Timesheets WE 16.01.2022.pdf,TOTAL Manager sign understand,1
Timesheets WE 16.01.2022.pdf,Manager sign,8
Timesheets WE 16.01.2022.pdf,Manager sign understand,6
Timesheets WE 16.01.2022.pdf,Manager sign understand paid,4
Timesheets WE 16.01.2022.pdf,sign understand,6
Timesheets WE 16.01.2022.pdf,sign understand paid,4
Timesheets WE 16.01.2022.pdf,sign understand paid record,3
Timesheets WE 16.01.2022.pdf,understand paid,4
Timesheets WE 16.01.2022.pdf,understand paid record,3
Timesheets WE 16.01.2022.pdf,understand paid record hours,3
Timesheets WE 16.01.2022.pdf,paid record,3
Timesheets WE 16.01.2022.pdf,paid record hours,3
Timesheets WE 16.01.2022.pdf,paid record hours SIGNED,3
Timesheets WE 16.01.2022.pdf,record hours,6
Timesheets WE 16.01.2022.pdf,record hours SIGNED,6
Timesheets WE 16.01.2022.pdf,record hours SIGNED Staff,2
Timesheets WE 16.01.2022.pdf,hours SIGNED,6
Timesheets WE 16.01.2022.pdf,hours SIGNED Staff,2
Timesheets WE 16.01.2022.pdf,hours SIGNED Staff Week,1
Timesheets WE 16.01.2022.pdf,SIGNED Staff,2
Timesheets WE 16.01.2022.pdf,SIGNED Staff Week,1
Timesheets WE 16.01.2022.pdf,SIGNED Staff Week commencing,1
Timesheets WE 16.01.2022.pdf,Staff Week,4
Timesheets WE 16.01.2022.pdf,Staff Week commencing,4
Timesheets WE 16.01.2022.pdf,Staff Week commencing Monday,4
Timesheets WE 16.01.2022.pdf,Week commencing Monday signed,1
Timesheets WE 16.01.2022.pdf,commencing Monday signed,1
Timesheets WE 16.01.2022.pdf,commencing Monday signed sign,1
Timesheets WE 16.01.2022.pdf,Monday signed,1
Timesheets WE 16.01.2022.pdf,Monday signed sign,1
Timesheets WE 16.01.2022.pdf,Monday signed sign signed,1
Timesheets WE 16.01.2022.pdf,signed sign,5
Timesheets WE 16.01.2022.pdf,signed sign signed,4
Timesheets WE 16.01.2022.pdf,signed sign signed start,1
Timesheets WE 16.01.2022.pdf,sign signed start,1
Timesheets WE 16.01.2022.pdf,sign signed start inby,1
Timesheets WE 16.01.2022.pdf,signed start,2
Timesheets WE 16.01.2022.pdf,signed start inby,2
Timesheets WE 16.01.2022.pdf,signed start inby BREAK,1
Timesheets WE 16.01.2022.pdf,start inby,2
Timesheets WE 16.01.2022.pdf,start inby BREAK,1
Timesheets WE 16.01.2022.pdf,start inby BREAK signin,1
Timesheets WE 16.01.2022.pdf,inby BREAK,1
Timesheets WE 16.01.2022.pdf,inby BREAK signin,1
Timesheets WE 16.01.2022.pdf,inby BREAK signin time,1
Timesheets WE 16.01.2022.pdf,BREAK signin,3
Timesheets WE 16.01.2022.pdf,BREAK signin time,2
Timesheets WE 16.01.2022.pdf,BREAK signin time double,1
Timesheets WE 16.01.2022.pdf,signin time,3
Timesheets WE 16.01.2022.pdf,signin time double,1
Timesheets WE 16.01.2022.pdf,signin time double shifts,1
Timesheets WE 16.01.2022.pdf,time double,1
Timesheets WE 16.01.2022.pdf,time double shifts,1
Timesheets WE 16.01.2022.pdf,time double shifts BREAK,1
Timesheets WE 16.01.2022.pdf,double shifts BREAK,2
Timesheets WE 16.01.2022.pdf,double shifts BREAK sign,1
Timesheets WE 16.01.2022.pdf,shifts BREAK,2
Timesheets WE 16.01.2022.pdf,shifts BREAK sign,1
Timesheets WE 16.01.2022.pdf,shifts BREAK sign Wednesday,1
Timesheets WE 16.01.2022.pdf,BREAK sign Wednesday,1
Timesheets WE 16.01.2022.pdf,BREAK sign Wednesday rigay,1
Timesheets WE 16.01.2022.pdf,sign Wednesday,1
Timesheets WE 16.01.2022.pdf,sign Wednesday rigay,1
Timesheets WE 16.01.2022.pdf,sign Wednesday rigay saturday,1
Timesheets WE 16.01.2022.pdf,Wednesday rigay,1
Timesheets WE 16.01.2022.pdf,Wednesday rigay saturday,1
Timesheets WE 16.01.2022.pdf,Wednesday rigay saturday sunday,1
Timesheets WE 16.01.2022.pdf,rigay saturday,1
Timesheets WE 16.01.2022.pdf,rigay saturday sunday,1
Timesheets WE 16.01.2022.pdf,rigay saturday sunday Manager,1
Timesheets WE 16.01.2022.pdf,saturday sunday,1
Timesheets WE 16.01.2022.pdf,saturday sunday Manager,1
Timesheets WE 16.01.2022.pdf,saturday sunday Manager sign,1
Timesheets WE 16.01.2022.pdf,sunday Manager,1
Timesheets WE 16.01.2022.pdf,sunday Manager sign,1
Timesheets WE 16.01.2022.pdf,sunday Manager sign understand,1
Timesheets WE 16.01.2022.pdf,record hours SIGNED Scanned,4
Timesheets WE 16.01.2022.pdf,hours SIGNED Scanned,4
Timesheets WE 16.01.2022.pdf,hours SIGNED Scanned CamScanner,4
Timesheets WE 16.01.2022.pdf,SIGNED Scanned,4
Timesheets WE 16.01.2022.pdf,SIGNED Scanned CamScanner,4
Timesheets WE 16.01.2022.pdf,SIGNED Scanned CamScanner Polntstoremember,1
Timesheets WE 16.01.2022.pdf,Scanned CamScanner,4
Timesheets WE 16.01.2022.pdf,Scanned CamScanner Polntstoremember,1
Timesheets WE 16.01.2022.pdf,Scanned CamScanner Polntstoremember signed,1
Timesheets WE 16.01.2022.pdf,CamScanner Polntstoremember,1
Timesheets WE 16.01.2022.pdf,CamScanner Polntstoremember signed,1
Timesheets WE 16.01.2022.pdf,CamScanner Polntstoremember signed shift,1
Timesheets WE 16.01.2022.pdf,Polntstoremember signed,1
Timesheets WE 16.01.2022.pdf,Polntstoremember signed shift,1
Timesheets WE 16.01.2022.pdf,Polntstoremember signed shift break,1
Timesheets WE 16.01.2022.pdf,signed shift break week,1
Timesheets WE 16.01.2022.pdf,shift break week,1
Timesheets WE 16.01.2022.pdf,shift break week receive,1
Timesheets WE 16.01.2022.pdf,break week,1
Timesheets WE 16.01.2022.pdf,break week receive,1
Timesheets WE 16.01.2022.pdf,break week receive SPLEEN,1
Timesheets WE 16.01.2022.pdf,receive SPLEEN CENTRAL sign,1
Timesheets WE 16.01.2022.pdf,SPLEEN CENTRAL sign,3
Timesheets WE 16.01.2022.pdf,SPLEEN CENTRAL sign timesheet,3
Timesheets WE 16.01.2022.pdf,CENTRAL sign,3
Timesheets WE 16.01.2022.pdf,CENTRAL sign timesheet,3
Timesheets WE 16.01.2022.pdf,CENTRAL sign timesheet conclusion,2
Timesheets WE 16.01.2022.pdf,sign timesheet conclusion Timsheets,1
Timesheets WE 16.01.2022.pdf,timesheet conclusion Timsheets,1
Timesheets WE 16.01.2022.pdf,timesheet conclusion Timsheets complete,1
Timesheets WE 16.01.2022.pdf,conclusion Timsheets,1
Timesheets WE 16.01.2022.pdf,conclusion Timsheets complete,1
Timesheets WE 16.01.2022.pdf,conclusion Timsheets complete conclusion,1
Timesheets WE 16.01.2022.pdf,Timsheets complete conclusion week,1
Timesheets WE 16.01.2022.pdf,complete conclusion week,1
Timesheets WE 16.01.2022.pdf,complete conclusion week receive,1
Timesheets WE 16.01.2022.pdf,conclusion week receive TIMESHEET,1
Timesheets WE 16.01.2022.pdf,week receive TIMESHEET,1
Timesheets WE 16.01.2022.pdf,week receive TIMESHEET Staff,1
Timesheets WE 16.01.2022.pdf,receive TIMESHEET,1
Timesheets WE 16.01.2022.pdf,receive TIMESHEET Staff,1
Timesheets WE 16.01.2022.pdf,receive TIMESHEET Staff Week,1
Timesheets WE 16.01.2022.pdf,TIMESHEET Staff,1
Timesheets WE 16.01.2022.pdf,TIMESHEET Staff Week,1
Timesheets WE 16.01.2022.pdf,TIMESHEET Staff Week commencing,1
Timesheets WE 16.01.2022.pdf,Week commencing Monday signin,1
Timesheets WE 16.01.2022.pdf,commencing Monday signin,1
Timesheets WE 16.01.2022.pdf,commencing Monday signin time,1
Timesheets WE 16.01.2022.pdf,Monday signin,1
Timesheets WE 16.01.2022.pdf,Monday signin time,1
Timesheets WE 16.01.2022.pdf,Monday signin time Manager,1
Timesheets WE 16.01.2022.pdf,signin time Manager,2
Timesheets WE 16.01.2022.pdf,signin time Manager sign,2
Timesheets WE 16.01.2022.pdf,time Manager,2
Timesheets WE 16.01.2022.pdf,time Manager sign,2
Timesheets WE 16.01.2022.pdf,time Manager sign understand,1
Timesheets WE 16.01.2022.pdf,hours SIGNED Staff TERS,1
Timesheets WE 16.01.2022.pdf,SIGNED Staff TERS,1
Timesheets WE 16.01.2022.pdf,SIGNED Staff TERS AOSGR,1
Timesheets WE 16.01.2022.pdf,Staff TERS,1
Timesheets WE 16.01.2022.pdf,Staff TERS AOSGR,1
Timesheets WE 16.01.2022.pdf,Staff TERS AOSGR Week,1
Timesheets WE 16.01.2022.pdf,TERS AOSGR,1
Timesheets WE 16.01.2022.pdf,TERS AOSGR Week,1
Timesheets WE 16.01.2022.pdf,TERS AOSGR Week commencing,1
Timesheets WE 16.01.2022.pdf,AOSGR Week,1
Timesheets WE 16.01.2022.pdf,AOSGR Week commencing,1
Timesheets WE 16.01.2022.pdf,AOSGR Week commencing Monday,1
Timesheets WE 16.01.2022.pdf,Week commencing Monday BREAK,2
Timesheets WE 16.01.2022.pdf,commencing Monday BREAK,2
Timesheets WE 16.01.2022.pdf,commencing Monday BREAK BREAK,1
Timesheets WE 16.01.2022.pdf,Monday BREAK,2
Timesheets WE 16.01.2022.pdf,Monday BREAK BREAK,1
Timesheets WE 16.01.2022.pdf,Monday BREAK BREAK signed,1
Timesheets WE 16.01.2022.pdf,BREAK BREAK signed,2
Timesheets WE 16.01.2022.pdf,BREAK BREAK signed sign,2
Timesheets WE 16.01.2022.pdf,BREAK signed,2
Timesheets WE 16.01.2022.pdf,BREAK signed sign,2
Timesheets WE 16.01.2022.pdf,BREAK signed sign signed,2
Timesheets WE 16.01.2022.pdf,signed sign signed signin,3
Timesheets WE 16.01.2022.pdf,signin signed signed sign,1
Timesheets WE 16.01.2022.pdf,signed signed sign,2
Timesheets WE 16.01.2022.pdf,signed signed sign START,1
Timesheets WE 16.01.2022.pdf,signed sign START,1
Timesheets WE 16.01.2022.pdf,signed sign START outby,1
Timesheets WE 16.01.2022.pdf,sign START,1
Timesheets WE 16.01.2022.pdf,sign START outby,1
Timesheets WE 16.01.2022.pdf,sign START outby time,1
Timesheets WE 16.01.2022.pdf,START outby,1
Timesheets WE 16.01.2022.pdf,START outby time,1
Timesheets WE 16.01.2022.pdf,START outby time Inby,1
Timesheets WE 16.01.2022.pdf,outby time,1
Timesheets WE 16.01.2022.pdf,outby time Inby,1
Timesheets WE 16.01.2022.pdf,outby time Inby TOTAL,1
Timesheets WE 16.01.2022.pdf,time Inby,1
Timesheets WE 16.01.2022.pdf,time Inby TOTAL,1
Timesheets WE 16.01.2022.pdf,time Inby TOTAL START,1
Timesheets WE 16.01.2022.pdf,Inby TOTAL,1
Timesheets WE 16.01.2022.pdf,Inby TOTAL START,1
Timesheets WE 16.01.2022.pdf,Inby TOTAL START time,1
Timesheets WE 16.01.2022.pdf,TOTAL START time,2
Timesheets WE 16.01.2022.pdf,TOTAL START time SSPEEecee,1
Timesheets WE 16.01.2022.pdf,START time,2
Timesheets WE 16.01.2022.pdf,START time SSPEEecee,1
Timesheets WE 16.01.2022.pdf,START time SSPEEecee Manager,1
Timesheets WE 16.01.2022.pdf,time SSPEEecee,1
Timesheets WE 16.01.2022.pdf,time SSPEEecee Manager,1
Timesheets WE 16.01.2022.pdf,time SSPEEecee Manager sign,1
Timesheets WE 16.01.2022.pdf,SSPEEecee Manager,1
Timesheets WE 16.01.2022.pdf,SSPEEecee Manager sign,1
Timesheets WE 16.01.2022.pdf,SSPEEecee Manager sign understand,1
Timesheets WE 16.01.2022.pdf,Manager sign understand pald,2
Timesheets WE 16.01.2022.pdf,sign understand pald,2
Timesheets WE 16.01.2022.pdf,sign understand pald record,2
Timesheets WE 16.01.2022.pdf,understand pald,2
Timesheets WE 16.01.2022.pdf,understand pald record,2
Timesheets WE 16.01.2022.pdf,understand pald record hours,2
Timesheets WE 16.01.2022.pdf,pald record,2
Timesheets WE 16.01.2022.pdf,pald record hours,2
Timesheets WE 16.01.2022.pdf,pald record hours SIGNED,2
Timesheets WE 16.01.2022.pdf,SIGNED Scanned CamScanner remember,2
Timesheets WE 16.01.2022.pdf,Scanned CamScanner remember,2
Timesheets WE 16.01.2022.pdf,Scanned CamScanner remember signed,2
Timesheets WE 16.01.2022.pdf,CamScanner remember,2
Timesheets WE 16.01.2022.pdf,CamScanner remember signed,2
Timesheets WE 16.01.2022.pdf,CamScanner remember signed shift,2
Timesheets WE 16.01.2022.pdf,remember signed,2
Timesheets WE 16.01.2022.pdf,remember signed shift,2
Timesheets WE 16.01.2022.pdf,remember signed shift break,2
Timesheets WE 16.01.2022.pdf,signed shift break SPLEEN,2
Timesheets WE 16.01.2022.pdf,shift break SPLEEN,2
Timesheets WE 16.01.2022.pdf,shift break SPLEEN CENTRAL,2
Timesheets WE 16.01.2022.pdf,break SPLEEN,2
Timesheets WE 16.01.2022.pdf,break SPLEEN CENTRAL,2
Timesheets WE 16.01.2022.pdf,break SPLEEN CENTRAL sign,2
Timesheets WE 16.01.2022.pdf,timesheet conclusion week Timsheets,1
Timesheets WE 16.01.2022.pdf,conclusion week Timsheets,1
Timesheets WE 16.01.2022.pdf,conclusion week Timsheets complete,1
Timesheets WE 16.01.2022.pdf,week Timsheets,1
Timesheets WE 16.01.2022.pdf,week Timsheets complete,1
Timesheets WE 16.01.2022.pdf,week Timsheets complete conclusion,1
Timesheets WE 16.01.2022.pdf,Timsheets complete conclusion workin,1
Timesheets WE 16.01.2022.pdf,complete conclusion workin,1
Timesheets WE 16.01.2022.pdf,complete conclusion workin receive,1
Timesheets WE 16.01.2022.pdf,conclusion workin,1
Timesheets WE 16.01.2022.pdf,conclusion workin receive,1
Timesheets WE 16.01.2022.pdf,conclusion workin receive week,1
Timesheets WE 16.01.2022.pdf,workin receive,1
Timesheets WE 16.01.2022.pdf,workin receive week,1
Timesheets WE 16.01.2022.pdf,workin receive week receive,1
Timesheets WE 16.01.2022.pdf,receive week,1
Timesheets WE 16.01.2022.pdf,receive week receive,1
Timesheets WE 16.01.2022.pdf,receive week receive Staff,1
Timesheets WE 16.01.2022.pdf,week receive Staff,1
Timesheets WE 16.01.2022.pdf,week receive Staff Week,1
Timesheets WE 16.01.2022.pdf,receive Staff,1
Timesheets WE 16.01.2022.pdf,receive Staff Week,1
Timesheets WE 16.01.2022.pdf,receive Staff Week commencing,1
Timesheets WE 16.01.2022.pdf,commencing Monday BREAK signin,1
Timesheets WE 16.01.2022.pdf,Monday BREAK signin,1
Timesheets WE 16.01.2022.pdf,Monday BREAK signin time,1
Timesheets WE 16.01.2022.pdf,BREAK signin time Manager,1
Timesheets WE 16.01.2022.pdf,time Manager sign Staff,1
Timesheets WE 16.01.2022.pdf,Manager sign Staff,2
Timesheets WE 16.01.2022.pdf,Manager sign Staff mann,1
Timesheets WE 16.01.2022.pdf,sign Staff,2
Timesheets WE 16.01.2022.pdf,sign Staff mann,1
Timesheets WE 16.01.2022.pdf,sign Staff mann Week,1
Timesheets WE 16.01.2022.pdf,Staff mann,1
Timesheets WE 16.01.2022.pdf,Staff mann Week,1
Timesheets WE 16.01.2022.pdf,Staff mann Week commencing,1
Timesheets WE 16.01.2022.pdf,mann Week,1
Timesheets WE 16.01.2022.pdf,mann Week commencing,1
Timesheets WE 16.01.2022.pdf,mann Week commencing Monday,1
Timesheets WE 16.01.2022.pdf,Monday double shifts BREAK,1
Timesheets WE 16.01.2022.pdf,double shifts BREAK BREAK,1
Timesheets WE 16.01.2022.pdf,shifts BREAK BREAK,1
Timesheets WE 16.01.2022.pdf,shifts BREAK BREAK signed,1
Timesheets WE 16.01.2022.pdf,signin signed signed signed,1
Timesheets WE 16.01.2022.pdf,signed signed signed,1
Timesheets WE 16.01.2022.pdf,signed signed signed sign,1
Timesheets WE 16.01.2022.pdf,signed signed sign signed,1
Timesheets WE 16.01.2022.pdf,signin signed signed start,1
Timesheets WE 16.01.2022.pdf,signed signed start,1
Timesheets WE 16.01.2022.pdf,signed signed start inby,1
Timesheets WE 16.01.2022.pdf,signed start inby time,1
Timesheets WE 16.01.2022.pdf,start inby time,1
Timesheets WE 16.01.2022.pdf,start inby time fJoutby,1
Timesheets WE 16.01.2022.pdf,inby time,1
Timesheets WE 16.01.2022.pdf,inby time fJoutby,1
Timesheets WE 16.01.2022.pdf,inby time fJoutby time,1
Timesheets WE 16.01.2022.pdf,time fJoutby,1
Timesheets WE 16.01.2022.pdf,time fJoutby time,1
Timesheets WE 16.01.2022.pdf,time fJoutby time inby,1
Timesheets WE 16.01.2022.pdf,fJoutby time,1
Timesheets WE 16.01.2022.pdf,fJoutby time inby,1
Timesheets WE 16.01.2022.pdf,fJoutby time inby TOTAL,1
Timesheets WE 16.01.2022.pdf,time inby,2
Timesheets WE 16.01.2022.pdf,time inby TOTAL,1
Timesheets WE 16.01.2022.pdf,time inby TOTAL START,1
Timesheets WE 16.01.2022.pdf,inby TOTAL START time,1
Timesheets WE 16.01.2022.pdf,TOTAL START time time,1
Timesheets WE 16.01.2022.pdf,START time time,1
Timesheets WE 16.01.2022.pdf,START time time inby,1
Timesheets WE 16.01.2022.pdf,time time,1
Timesheets WE 16.01.2022.pdf,time time inby,1
Timesheets WE 16.01.2022.pdf,time time inby finish,1
Timesheets WE 16.01.2022.pdf,time inby finish,1
Timesheets WE 16.01.2022.pdf,time inby finish Joutby,1
Timesheets WE 16.01.2022.pdf,inby finish,1
Timesheets WE 16.01.2022.pdf,inby finish Joutby,1
Timesheets WE 16.01.2022.pdf,inby finish Joutby totaL,1
Timesheets WE 16.01.2022.pdf,finish Joutby,1
Timesheets WE 16.01.2022.pdf,finish Joutby totaL,1
Timesheets WE 16.01.2022.pdf,finish Joutby totaL Manager,1
Timesheets WE 16.01.2022.pdf,Joutby totaL,1
Timesheets WE 16.01.2022.pdf,Joutby totaL Manager,1
Timesheets WE 16.01.2022.pdf,Joutby totaL Manager sign,1
Timesheets WE 16.01.2022.pdf,totaL Manager,1
Timesheets WE 16.01.2022.pdf,totaL Manager sign,1
Timesheets WE 16.01.2022.pdf,totaL Manager sign understand,1
Timesheets WE 16.01.2022.pdf,sign understand paid abave,1
Timesheets WE 16.01.2022.pdf,understand paid abave,1
Timesheets WE 16.01.2022.pdf,understand paid abave record,1
Timesheets WE 16.01.2022.pdf,paid abave,1
Timesheets WE 16.01.2022.pdf,paid abave record,1
Timesheets WE 16.01.2022.pdf,paid abave record hours,1
Timesheets WE 16.01.2022.pdf,abave record,1
Timesheets WE 16.01.2022.pdf,abave record hours,1
Timesheets WE 16.01.2022.pdf,abave record hours SIGNED,1
Timesheets WE 16.01.2022.pdf,CENTRAL sign timesheet atthe,1
Timesheets WE 16.01.2022.pdf,sign timesheet atthe,1
Timesheets WE 16.01.2022.pdf,sign timesheet atthe conclusion,1
Timesheets WE 16.01.2022.pdf,timesheet atthe,1
Timesheets WE 16.01.2022.pdf,timesheet atthe conclusion,1
Timesheets WE 16.01.2022.pdf,timesheet atthe conclusion week,1
Timesheets WE 16.01.2022.pdf,atthe conclusion,1
Timesheets WE 16.01.2022.pdf,atthe conclusion week,1
Timesheets WE 16.01.2022.pdf,atthe conclusion week receive,1
Timesheets WE 16.01.2022.pdf,conclusion week receive Timsheets,1
Timesheets WE 16.01.2022.pdf,week receive Timsheets,1
Timesheets WE 16.01.2022.pdf,week receive Timsheets complete,1
Timesheets WE 16.01.2022.pdf,receive Timsheets,1
Timesheets WE 16.01.2022.pdf,receive Timsheets complete,1
Timesheets WE 16.01.2022.pdf,receive Timsheets complete eoncluston,1
Timesheets WE 16.01.2022.pdf,Timsheets complete eoncluston,1
Timesheets WE 16.01.2022.pdf,Timsheets complete eoncluston week,1
Timesheets WE 16.01.2022.pdf,complete eoncluston,1
Timesheets WE 16.01.2022.pdf,complete eoncluston week,1
Timesheets WE 16.01.2022.pdf,complete eoncluston week recelve,1
Timesheets WE 16.01.2022.pdf,eoncluston week,1
Timesheets WE 16.01.2022.pdf,eoncluston week recelve,1
Timesheets WE 16.01.2022.pdf,eoncluston week recelve TIMESHEET,1
Timesheets WE 16.01.2022.pdf,week recelve,1
Timesheets WE 16.01.2022.pdf,week recelve TIMESHEET,1
Timesheets WE 16.01.2022.pdf,week recelve TIMESHEET eens,1
Timesheets WE 16.01.2022.pdf,recelve TIMESHEET,1
Timesheets WE 16.01.2022.pdf,recelve TIMESHEET eens,1
Timesheets WE 16.01.2022.pdf,recelve TIMESHEET eens Staff,1
Timesheets WE 16.01.2022.pdf,TIMESHEET eens,1
Timesheets WE 16.01.2022.pdf,TIMESHEET eens Staff,1
Timesheets WE 16.01.2022.pdf,TIMESHEET eens Staff Dani,1
Timesheets WE 16.01.2022.pdf,eens Staff,1
Timesheets WE 16.01.2022.pdf,eens Staff Dani,1
Timesheets WE 16.01.2022.pdf,eens Staff Dani faubha,1
Timesheets WE 16.01.2022.pdf,Staff Dani,1
Timesheets WE 16.01.2022.pdf,Staff Dani faubha,1
Timesheets WE 16.01.2022.pdf,Staff Dani faubha Week,1
Timesheets WE 16.01.2022.pdf,Dani faubha,1
Timesheets WE 16.01.2022.pdf,Dani faubha Week,1
Timesheets WE 16.01.2022.pdf,Dani faubha Week commencing,1
Timesheets WE 16.01.2022.pdf,faubha Week,1
Timesheets WE 16.01.2022.pdf,faubha Week commencing,1
Timesheets WE 16.01.2022.pdf,faubha Week commencing Monday,1
Timesheets WE 16.01.2022.pdf,commencing Monday double shits,1
Timesheets WE 16.01.2022.pdf,Monday double shits,1
Timesheets WE 16.01.2022.pdf,Monday double shits BREAK,1
Timesheets WE 16.01.2022.pdf,double shits,1
Timesheets WE 16.01.2022.pdf,double shits BREAK,1
Timesheets WE 16.01.2022.pdf,double shits BREAK signin,1
Timesheets WE 16.01.2022.pdf,shits BREAK,1
Timesheets WE 16.01.2022.pdf,shits BREAK signin,1
Timesheets WE 16.01.2022.pdf,shits BREAK signin sign,1
Timesheets WE 16.01.2022.pdf,BREAK signin sign,1
Timesheets WE 16.01.2022.pdf,BREAK signin sign igned,1
Timesheets WE 16.01.2022.pdf,signin sign,1
Timesheets WE 16.01.2022.pdf,signin sign igned,1
Timesheets WE 16.01.2022.pdf,signin sign igned TOTAL,1
Timesheets WE 16.01.2022.pdf,sign igned,1
Timesheets WE 16.01.2022.pdf,sign igned TOTAL,1
Timesheets WE 16.01.2022.pdf,sign igned TOTAL Manager,1
Timesheets WE 16.01.2022.pdf,igned TOTAL,1
Timesheets WE 16.01.2022.pdf,igned TOTAL Manager,1
Timesheets WE 16.01.2022.pdf,igned TOTAL Manager sign,1
Timesheets WE 16.01.2022.pdf,TOTAL Manager sign Staff,1
Timesheets WE 16.01.2022.pdf,Manager sign Staff Week,1
Timesheets WE 16.01.2022.pdf,sign Staff Week,1
Timesheets WE 16.01.2022.pdf,sign Staff Week commencing,1
Timesheets WE 16.01.2022.pdf,Week commencing Monday Manager,1
Timesheets WE 16.01.2022.pdf,commencing Monday Manager,1
Timesheets WE 16.01.2022.pdf,commencing Monday Manager sign,1
Timesheets WE 16.01.2022.pdf,Monday Manager,1
Timesheets WE 16.01.2022.pdf,Monday Manager sign,1
Timesheets WE 16.01.2022.pdf,Monday Manager sign understand,1
